Severity,File,Line,Pattern,Content
MEDIUM,"src\components\ui\contact\useContactForm.ts",55,"throw new Error","throw new Error(result.error || t(""error""));"
MEDIUM,"src\features\manifest-editor\components\inspector\aesthetic\styles\library\GuildNavigator.tsx",4,"ElementCatalog","import type { ElementCategory } from '@/omega-ui-core/governance/ElementCatalog';"
MEDIUM,"src\features\manifest-editor\components\inspector\aesthetic\styles\ModuleStyleLibrary.tsx",6,"ElementCatalog","import { OMEGA_ELEMENT_CATALOG; type ElementCategory; getElementDefinition } from '@/omega-ui-core/governance/ElementCatalog';"
MEDIUM,"src\features\manifest-editor\components\inspector\attachments\AttachmentTypeAnchor.tsx",19,"allowedFragments","const allowedIds = hostDef?.allowedFragments || [];"
MEDIUM,"src\features\manifest-editor\components\inspector\attachments\AttachmentTypeAnchor.tsx",7,"ElementCatalog","import { OMEGA_ELEMENT_CATALOG; getElementDefinition } from '@/omega-ui-core/governance/ElementCatalog';"
MEDIUM,"src\features\manifest-editor\components\inspector\BlueprintLibraryPanel.tsx",82,"throw new Error","if (!res.ok) throw new Error(`Catalog fetch failed: ${res.status}`);"
MEDIUM,"src\features\manifest-editor\components\inspector\BlueprintLibraryPanel.tsx",89,"throw new Error","if (!bpRes.ok) throw new Error(`Blueprint fetch failed: ${bpRes.status}`);"
MEDIUM,"src\features\manifest-editor\components\inspector\sections\AestheticSection.tsx",13,"ElementCatalog","import { getElementDefinition } from '@/omega-ui-core/governance/ElementCatalog';"
MEDIUM,"src\features\manifest-editor\components\inspector\sections\LogicSection.tsx",11,"ElementCatalog","import { OMEGA_ELEMENT_CATALOG } from '@/omega-ui-core/governance/ElementCatalog';"
MEDIUM,"src\features\manifest-editor\components\inspector\sections\SpatialSection.tsx",11,"ElementCatalog","import { getElementDefinition } from '@/omega-ui-core/governance/ElementCatalog';"
MEDIUM,"src\features\manifest-editor\components\inspector\shared\aesthetic\GovernanceRegistry.ts",1,"ElementCatalog","import type { AestheticCapability } from ""@/omega-ui-core/governance/ElementCatalog"";"
MEDIUM,"src\features\manifest-editor\components\inspector\shared\aesthetic\IdentityGovernance.tsx",5,"ElementCatalog","import type { AestheticCapability } from '@/omega-ui-core/governance/ElementCatalog';"
MEDIUM,"src\features\manifest-editor\components\inspector\shared\aesthetic\IdentityGovernance.tsx",6,"ElementCatalog","import { OMEGA_ELEMENT_CATALOG } from '@/omega-ui-core/governance/ElementCatalog';"
MEDIUM,"src\features\manifest-editor\components\inspector\shared\aesthetic\map.md",2,"ElementCatalog","Componentes modulares de gobernanza estética impulsados por el ElementCatalog."
MEDIUM,"src\features\manifest-editor\components\inspector\shared\aesthetic\SequenceIngestionLab.tsx",42,"reject","return new Promise<HTMLImageElement>((resolve; reject) => {"
MEDIUM,"src\features\manifest-editor\components\inspector\shared\aesthetic\SequenceIngestionLab.tsx",45,"reject","img.onerror = reject;"
MEDIUM,"src\features\manifest-editor\components\inspector\shared\aesthetic\UnifiedGraphicGovernance.tsx",5,"ElementCatalog","import { getElementDefinition } from '@/omega-ui-core/governance/ElementCatalog';"
MEDIUM,"src\features\manifest-editor\components\inspector\shared\CanonicalStylePreview.tsx",10,"ElementCatalog","import { getElementDefinition } from ""@/omega-ui-core/governance/ElementCatalog"";"
MEDIUM,"src\features\manifest-editor\components\inspector\shared\IndustrialGovernanceConsole.tsx",6,"ElementCatalog","import { getElementDefinition } from '@/omega-ui-core/governance/ElementCatalog';"
MEDIUM,"src\features\manifest-editor\components\inspector\shared\map.md",5,"ElementCatalog","- [IndustrialGovernanceConsole.tsx](file:///d:/desarrollos/ABDSynthsWeb/abd-ia_synths/src/components/tools/manifest-editor/inspector/shared/IndustrialGovernanceConsole.tsx): Orquestador dinámico que compone la interfaz de edición basándose en las capacidades del ElementCatalog."
MEDIUM,"src\features\manifest-editor\components\inspector\shared\StyleEditorModal.tsx",10,"ElementCatalog","import { getElementDefinition } from '@/omega-ui-core/governance/ElementCatalog';"
MEDIUM,"src\features\manifest-editor\components\lab\CellStudioContentArea.tsx",5,"ElementCatalog","import { OMEGA_ELEMENT_CATALOG } from '@/omega-ui-core/governance/ElementCatalog';"
MEDIUM,"src\features\manifest-editor\components\lab\CellStudioToolbar.tsx",5,"ElementCatalog","import { OMEGA_ELEMENT_CATALOG } from '@/omega-ui-core/governance/ElementCatalog';"
MEDIUM,"src\features\manifest-editor\components\views\SourceView.tsx",60,"validate","validate: true;"
MEDIUM,"src\features\manifest-editor\hooks\io\useManifestTransfer.ts",26,"throw new Error","if (!parsed || typeof parsed !== 'object') throw new Error(""Invalid manifest format."");"
MEDIUM,"src\features\manifest-editor\hooks\io\useManifestTransfer.ts",205,"throw new Error","if (req !== 'granted') throw new Error('File system write permission denied.');"
MEDIUM,"src\features\manifest-editor\hooks\io\useWasmTransfer.ts",95,"throw new Error","throw new Error(""Missing mandatory 'id' or 'ports' fields in contract."");"
MEDIUM,"src\features\manifest-editor\hooks\io\useWasmTransfer.ts",127,"validate","addLog(`[AUDIT] Contract '${loadedContract.id}' validated and fingerprinted.`);"
MEDIUM,"src\features\manifest-editor\hooks\orchestrator\useSessionPersistence.ts",19,"validate","BlueprintValidator.validate(persisted.graph; { id: persisted.id });"
MEDIUM,"src\features\manifest-editor\hooks\useAuditEngine.ts",57,"validate","const baseIssues = ValidationService.validate(manifest; contract as Parameters<typeof ValidationService.validate>[1]) || [];"
MEDIUM,"src\features\manifest-editor\hooks\useDocumentOrchestrator.ts",370,"validate","BlueprintValidator.validate(persisted.graph; { id: persisted.id });"
MEDIUM,"src\features\manifest-editor\hooks\useDocumentOrchestrator.ts",531,"validate","BlueprintValidator.validate(doc.manifest.ui.tree; doc.manifest);"
MEDIUM,"src\features\manifest-editor\hooks\useSimulationBridge.ts",94,"throw new Error","throw new Error('Deployment failed at runtime');"
MEDIUM,"src\features\manifest-editor\services\StructuralAuditor.ts",299,"validate","const circularityIssues = CircularityAuditor.validate(manifest);"
MEDIUM,"src\features\manifest-editor\utils\blueprintUtils.ts",23,"throw new Error","throw new Error(`[BLUEPRINT] Invalid ModuleTemplate: Missing ID or Base Node.`);"
MEDIUM,"src\features\manifest-editor\utils\blueprintUtils.ts",102,"validate","export function validateBlueprint(blueprint: BlueprintDefinition): { valid: boolean; errors: string[] } {"
MEDIUM,"src\features\manifest-editor\utils\governanceUtils.ts",2,"ElementCatalog","import type { ElementCategory } from '@/omega-ui-core/governance/ElementCatalog';"
MEDIUM,"src\features\manifest-editor\utils\governanceUtils.ts",3,"ElementCatalog","import { OMEGA_ELEMENT_CATALOG } from '@/omega-ui-core/governance/ElementCatalog';"
MEDIUM,"docs\grafos\src\features\manifest-editor\components\inspector\aesthetic\styles\library\GuildNavigator.tsx.md",7,"ElementCatalog","- [[docs/grafos/src/omega-ui-core/governance/ElementCatalog|ElementCatalog]] (`src/omega-ui-core/governance/ElementCatalog`)"
MEDIUM,"docs\grafos\src\features\manifest-editor\components\inspector\aesthetic\styles\ModuleStyleLibrary.tsx.md",13,"ElementCatalog","- [[docs/grafos/src/omega-ui-core/governance/ElementCatalog|ElementCatalog]] (`src/omega-ui-core/governance/ElementCatalog`)"
MEDIUM,"docs\grafos\src\features\manifest-editor\components\inspector\attachments\AttachmentTypeAnchor.tsx.md",7,"ElementCatalog","- [[docs/grafos/src/omega-ui-core/governance/ElementCatalog|ElementCatalog]] (`src/omega-ui-core/governance/ElementCatalog`)"
MEDIUM,"docs\grafos\src\features\manifest-editor\components\inspector\sections\AestheticSection.tsx.md",20,"ElementCatalog","- [[docs/grafos/src/omega-ui-core/governance/ElementCatalog|ElementCatalog]] (`src/omega-ui-core/governance/ElementCatalog`)"
MEDIUM,"docs\grafos\src\features\manifest-editor\components\inspector\sections\LogicSection.tsx.md",11,"ElementCatalog","- [[docs/grafos/src/omega-ui-core/governance/ElementCatalog|ElementCatalog]] (`src/omega-ui-core/governance/ElementCatalog`)"
MEDIUM,"docs\grafos\src\features\manifest-editor\components\inspector\sections\SpatialSection.tsx.md",11,"ElementCatalog","- [[docs/grafos/src/omega-ui-core/governance/ElementCatalog|ElementCatalog]] (`src/omega-ui-core/governance/ElementCatalog`)"
MEDIUM,"docs\grafos\src\features\manifest-editor\components\inspector\shared\aesthetic\GovernanceRegistry.ts.md",7,"ElementCatalog","- [[docs/grafos/src/omega-ui-core/governance/ElementCatalog|ElementCatalog]] (`src/omega-ui-core/governance/ElementCatalog`)"
MEDIUM,"docs\grafos\src\features\manifest-editor\components\inspector\shared\aesthetic\IdentityGovernance.tsx.md",10,"ElementCatalog","- [[docs/grafos/src/omega-ui-core/governance/ElementCatalog|ElementCatalog]] (`src/omega-ui-core/governance/ElementCatalog`)"
MEDIUM,"docs\grafos\src\features\manifest-editor\components\inspector\shared\aesthetic\UnifiedGraphicGovernance.tsx.md",11,"ElementCatalog","- [[docs/grafos/src/omega-ui-core/governance/ElementCatalog|ElementCatalog]] (`src/omega-ui-core/governance/ElementCatalog`)"
MEDIUM,"docs\grafos\src\features\manifest-editor\components\inspector\shared\CanonicalStylePreview.tsx.md",9,"ElementCatalog","- [[docs/grafos/src/omega-ui-core/governance/ElementCatalog|ElementCatalog]] (`src/omega-ui-core/governance/ElementCatalog`)"
MEDIUM,"docs\grafos\src\features\manifest-editor\components\inspector\shared\IndustrialGovernanceConsole.tsx.md",15,"ElementCatalog","- [[docs/grafos/src/omega-ui-core/governance/ElementCatalog|ElementCatalog]] (`src/omega-ui-core/governance/ElementCatalog`)"
MEDIUM,"docs\grafos\src\features\manifest-editor\components\inspector\shared\StyleEditorModal.tsx.md",11,"ElementCatalog","- [[docs/grafos/src/omega-ui-core/governance/ElementCatalog|ElementCatalog]] (`src/omega-ui-core/governance/ElementCatalog`)"
MEDIUM,"docs\grafos\src\features\manifest-editor\components\lab\CellStudioContentArea.tsx.md",13,"ElementCatalog","- [[docs/grafos/src/omega-ui-core/governance/ElementCatalog|ElementCatalog]] (`src/omega-ui-core/governance/ElementCatalog`)"
MEDIUM,"docs\grafos\src\features\manifest-editor\components\lab\CellStudioToolbar.tsx.md",7,"ElementCatalog","- [[docs/grafos/src/omega-ui-core/governance/ElementCatalog|ElementCatalog]] (`src/omega-ui-core/governance/ElementCatalog`)"
MEDIUM,"docs\grafos\src\features\manifest-editor\utils\governanceUtils.ts.md",7,"ElementCatalog","- [[docs/grafos/src/omega-ui-core/governance/ElementCatalog|ElementCatalog]] (`src/omega-ui-core/governance/ElementCatalog`)"
LOW,"src\data\map.md",45,"validate","- **Schema Parity**: Any changes to instrument data structures MUST be reflected in `types.ts` and validated against `omega-schema-v7.json`."
LOW,"src\omega-ui-core\governance\ElementCatalog.ts",10,"allowedFragments","* - 'capabilities' and 'allowedFragments' are soft suggestions for UI filtering."
LOW,"src\omega-ui-core\governance\ElementCatalog.ts",77,"allowedFragments","* `allowedFragments` is advisory only. Use it for editor UX suggestions (e.g. ""+ Add"" menus);"
LOW,"src\omega-ui-core\governance\ElementCatalog.ts",80,"allowedFragments","allowedFragments?: string[]; // IDs of elements that can be attached to this host"
LOW,"src\omega-ui-core\governance\ElementCatalog.ts",96,"allowedFragments","allowedFragments: ['rack-screw'; 'label'; 'illustration'];"
LOW,"src\omega-ui-core\governance\ElementCatalog.ts",107,"allowedFragments","allowedFragments: ['label'; 'illustration'; 'led']"
LOW,"src\omega-ui-core\governance\ElementCatalog.ts",117,"allowedFragments","allowedFragments: ['label'; 'illustration'; 'container'; 'group'; 'cell']"
LOW,"src\omega-ui-core\governance\ElementCatalog.ts",129,"allowedFragments","allowedFragments: ['label'; 'led'; 'port'; 'switch'; 'stepper'; 'graphic-fragment'];"
LOW,"src\omega-ui-core\governance\ElementCatalog.ts",140,"allowedFragments","allowedFragments: ['label'; 'led'; 'port'; 'graphic-fragment'];"
LOW,"src\omega-ui-core\governance\ElementCatalog.ts",151,"allowedFragments","allowedFragments: ['label'; 'led'; 'port'; 'graphic-fragment'];"
LOW,"src\omega-ui-core\governance\ElementCatalog.ts",162,"allowedFragments","allowedFragments: ['label'; 'led'];"
LOW,"src\omega-ui-core\governance\ElementCatalog.ts",173,"allowedFragments","allowedFragments: ['label'];"
LOW,"src\omega-ui-core\governance\ElementCatalog.ts",184,"allowedFragments","allowedFragments: ['label']"
LOW,"src\omega-ui-core\governance\ElementCatalog.ts",194,"allowedFragments","allowedFragments: ['label']"
LOW,"src\omega-ui-core\governance\ElementCatalog.ts",204,"allowedFragments","allowedFragments: ['label']"
LOW,"src\omega-ui-core\governance\ElementCatalog.ts",216,"allowedFragments","allowedFragments: ['label'; 'led']"
LOW,"src\omega-ui-core\governance\ElementCatalog.ts",237,"allowedFragments","allowedFragments: ['label'; 'stepper']"
LOW,"src\omega-ui-core\governance\ElementCatalog.ts",247,"allowedFragments","allowedFragments: ['label']"
LOW,"src\omega-ui-core\governance\ElementCatalog.ts",257,"allowedFragments","allowedFragments: ['label'; 'illustration'; 'led']"
LOW,"src\omega-ui-core\governance\ElementCatalog.ts",276,"allowedFragments","allowedFragments: ['label']"
LOW,"src\omega-ui-core\governance\ElementCatalog.ts",317,"allowedFragments","allowedFragments: []"
LOW,"src\omega-ui-core\governance\ElementCatalog.ts",338,"allowedFragments","allowedFragments: ['label'; 'led'; 'graphic-fragment'];"
LOW,"src\omega-ui-core\governance\ElementCatalog.ts",367,"allowedFragments","allowedFragments: ['label'; 'led'; 'illustration'; 'rack-screw'; 'graphic-fragment'];"
LOW,"src\omega-ui-core\governance\ElementCatalog.ts",382,"allowedFragments","allowedFragments: ['label'; 'illustration']"
LOW,"src\omega-ui-core\uca\blueprintValidator.ts",27,"throw new Error","throw new Error(`[BLUEPRINT VALIDATION FAILED]\n${errors.join('\n')}`);"
LOW,"src\omega-ui-core\uca\blueprintValidator.ts",16,"validate","public static validate(nodes: OmegaNode | OmegaNode[]; manifest: Partial<OMEGA_Manifest>): void {"
LOW,"src\omega-ui-core\uca\circularity.test.ts",14,"validate","const issues1 = CircularityAuditor.validate(dagManifest as OMEGA_Manifest);"
LOW,"src\omega-ui-core\uca\circularity.test.ts",27,"validate","const issues2 = CircularityAuditor.validate(simpleCycleManifest as OMEGA_Manifest);"
LOW,"src\omega-ui-core\uca\circularity.test.ts",46,"validate","const issues3 = CircularityAuditor.validate(complexCycleManifest as OMEGA_Manifest);"
LOW,"src\omega-ui-core\uca\circularity.test.ts",64,"validate","const issues4 = CircularityAuditor.validate(pathCycleManifest as OMEGA_Manifest);"
LOW,"src\omega-ui-core\uca\circularity.test.ts",82,"validate","const issues5 = CircularityAuditor.validate(multiLevelCycleManifest as OMEGA_Manifest);"
LOW,"src\omega-ui-core\uca\ucaInjection.ts",139,"throw new Error","if (!rootNode) throw new Error('Manifest root node not found.');"
LOW,"src\omega-ui-core\uca\utils\circularityAuditor.ts",16,"validate","static validate(manifest: OMEGA_Manifest): ValidationIssue[] {"
LOW,"src\omega-ui-core\uca\utils\ucaPathResolver.ts",47,"throw new Error","throw new Error(`[HPA] Node ${nodeId} not found in the provided tree context.`);"
LOW,"src\omega-ui-core\uca\utils\ucaPathResolver.ts",90,"validate","* validatePathStability"
LOW,"src\omega-ui-core\uca\utils\ucaPathResolver.ts",93,"validate","static validatePathStability(path: string): boolean {"
LOW,"src\omega-ui-core\utils\blueprintValidator.ts",8,"throw new Error","throw new Error(`[BLUEPRINT VALIDATION FAILED]\n${result.errors.join('\n')}`);"
LOW,"src\omega-ui-core\utils\blueprintValidator.ts",5,"validate","public static validate(nodes: OmegaNode | OmegaNode[]; _manifest: Partial<OMEGA_Manifest>): void {"
LOW,"src\omega-ui-core\utils\blueprintValidator.ts",6,"validate","const result = this.validateQuietly(nodes);"
LOW,"src\omega-ui-core\utils\blueprintValidator.ts",12,"validate","public static validateQuietly(nodes: OmegaNode | OmegaNode[]): {"
LOW,"src\omega-ui-core\utils\circularityAuditor.ts",13,"validate","static validate(manifest: OMEGA_Manifest): ValidationIssue[] {"
LOW,"src\omega-ui-core\utils\ucaPathResolver.ts",32,"throw new Error","throw new Error(`[HPA] Node ${nodeId} not found in the provided tree context.`);"
LOW,"src\omega-ui-core\utils\ucaPathResolver.ts",60,"validate","static validatePathStability(path: string): boolean {"
LOW,"src\services\auditService.ts",11,"validate","const issues = ValidationService.validate(manifest; contract);"
LOW,"src\services\historyRestore.ts",13,"validate","* Loads a revision and validates it before promotion."
LOW,"src\services\historyRestore.ts",30,"validate","BlueprintValidator.validate(entry.manifest.ui.tree; entry.manifest);"
LOW,"src\services\persistenceService.ts",26,"validate","* Persists the validated canonical graph to disk."
LOW,"src\services\rpc\omegaRPCBridge.ts",111,"validate","BlueprintValidator.validate(canonicalGraph; manifest);"
LOW,"src\services\rpc\omegaRPCBridge.ts",28,"reject","private pendingAcks = new Map<number; { resolve: (val: unknown) => void; reject: (err: unknown) => void; timeout: ReturnType<typeof setTimeout> }>();"
LOW,"src\services\rpc\omegaRPCBridge.ts",216,"reject","return new Promise((resolve; reject) => {"
LOW,"src\services\rpc\omegaRPCBridge.ts",218,"reject","if (id === -1) return reject(new Error('WebSocket not open'));"
LOW,"src\services\rpc\omegaRPCBridge.ts",222,"reject","reject(new Error(`Timeout waiting for ACK for ${method} (${id})`));"
LOW,"src\services\rpc\omegaRPCBridge.ts",225,"reject","this.pendingAcks.set(id; { resolve; reject; timeout });"
LOW,"src\services\rpc\omegaRPCBridge.ts",248,"reject","if (response.error) ack.reject(response.error);"
LOW,"src\services\validation\industrialRules.ts",7,"validate","static validate(manifest: OMEGA_Manifest; contract: (OmegaContract | OMEGA_Contract) | null): ValidationIssue[] {"
LOW,"src\services\validation\industrialRules.ts",72,"validate","const validateEntity = (entity: ManifestEntity | OmegaNode; path: string) => {"
LOW,"src\services\validation\industrialRules.ts",193,"validate","allTreeNodes.forEach((n) => validateEntity(n; `/ui/tree/node/${n.id}`));"
LOW,"src\services\validation\industrialRules.ts",195,"validate","(manifest.ui?.controls || []).forEach((e; idx) => validateEntity(e; `/ui/controls/${idx}`));"
LOW,"src\services\validation\industrialRules.ts",196,"validate","(manifest.ui?.jacks || []).forEach((e; idx) => validateEntity(e; `/ui/jacks/${idx}`));"
LOW,"src\services\validation\industrialRules.ts",200,"validate","const circularityIssues = CircularityAuditor.validate(manifest);"
LOW,"src\services\validation\schemaValidator.ts",17,"validate","const validateV6 = ajv.compile(era6Schema);"
LOW,"src\services\validation\schemaValidator.ts",18,"validate","const validateV7 = ajv.compile(era7Schema);"
LOW,"src\services\validation\schemaValidator.ts",21,"validate","static validate(manifest: OMEGA_Manifest): ValidationIssue[] {"
LOW,"src\services\validation\schemaValidator.ts",23,"validate","const validator = isV7 ? validateV7 : validateV6;"
LOW,"src\services\validationService.ts",11,"validate","static validate(manifest: OMEGA_Manifest; contract: (OmegaContract | OMEGA_Contract) | null = null): ValidationIssue[] {"
LOW,"src\services\validationService.ts",13,"validate","const schemaIssues = SchemaValidator.validate(manifest);"
LOW,"src\services\validationService.ts",16,"validate","const industrialIssues = IndustrialRules.validate(manifest; contract);"
LOW,"src\services\wasmLoader.ts",66,"throw new Error","throw new Error(""WASM module is not OMEGA-compliant (missing 'omega_get_contract' export)."");"
LOW,"src\services\wasmLoader.ts",106,"throw new Error","throw new Error(`LinkError: Binary requires host functions or is corrupted. Details: ${message}`);"
LOW,"src\services\wasmRuntime.ts",126,"throw new Error","throw new Error(result.error || 'Engine rejected snapshot or timed out');"
LOW,"src\services\wasmRuntime.ts",133,"throw new Error","throw new Error(`Materialization failed: ${instance.error}`);"
LOW,"src\services\wasmRuntime.ts",175,"throw new Error","if (!isValid) throw new Error('Incomplete materialization');"
LOW,"src\services\wasmRuntime.ts",126,"reject","throw new Error(result.error || 'Engine rejected snapshot or timed out');"
LOW,"src\types\cell-conversion.ts",149,"throw new Error","throw new Error(`Cannot convert node with children to PrimitiveNode: ${node.id}`);"
LOW,"src\types\cell-conversion.ts",345,"throw new Error","throw new Error('Unknown cell node type');"
LOW,"src\types\cell-conversion.ts",427,"validate","export function validateCompositeSlots(cell: CompositeCell): string[] {"
LOW,"src\types\cell-conversion.ts",457,"validate","export function validatePrimitive(primitive: PrimitiveNode): string[] {"
LOW,"src\types\cell-conversion.ts",472,"validate","export function validateStructuralModule(module: StructuralModule): string[] {"
LOW,"docs\adr\ADR-043-unified-cell-blueprint-governance.md",75,"ElementCatalog","import { OMEGA_ELEMENT_CATALOG } from '@/omega-ui-core/governance/ElementCatalog';"
LOW,"docs\adr\ADR-043-unified-cell-blueprint-governance.md",83,"throw new Error","throw new Error(`Unknown cell type: ${node.cellRef}`);"
LOW,"docs\adr\ADR-043-unified-cell-blueprint-governance.md",78,"validate","validate(nodes; manifest) {"
LOW,"docs\adr\ADR-043-unified-cell-blueprint-governance.md",103,"validate","static validate(nodes: OmegaNode[]; context: UCAValidationContext): void {"
LOW,"docs\adr\ADR-043-unified-cell-blueprint-governance.md",143,"validate","- **Primitives**: Defined and validated by `OMEGA_ELEMENT_CATALOG` only (type; allowed variants; slot definitions)"
LOW,"docs\adr\ADR-044-validate-behavior-recipes-in-blueprints.md",10,"validate","Currently; `BlueprintValidator` validates structural aspects of blueprints:"
LOW,"docs\adr\ADR-044-validate-behavior-recipes-in-blueprints.md",16,"validate","However; it does NOT validate:"
LOW,"docs\adr\ADR-044-validate-behavior-recipes-in-blueprints.md",25,"validate","Extend `BlueprintValidator` to validate behavioral aspects of blueprints by adding a third validation phase:"
LOW,"docs\adr\ADR-044-validate-behavior-recipes-in-blueprints.md",35,"validate","Phase 2: SEMANTIC (existing; via validateQuietly)"
LOW,"docs\adr\ADR-044-validate-behavior-recipes-in-blueprints.md",70,"validate","// Extended validateQuietly"
LOW,"docs\adr\ADR-044-validate-behavior-recipes-in-blueprints.md",71,"validate","static validateQuietly("
LOW,"docs\adr\ADR-044-validate-behavior-recipes-in-blueprints.md",75,"validate","validateBehavior?: boolean;  // Default: true"
LOW,"docs\adr\ADR-044-validate-behavior-recipes-in-blueprints.md",76,"validate","validateRecipes?: boolean;   // Default: true"
LOW,"docs\adr\ADR-044-validate-behavior-recipes-in-blueprints.md",95,"validate","function validateBehavior(cell: CompositeCell; manifest: OMEGA_Manifest): string[] {"
LOW,"docs\adr\ADR-044-validate-behavior-recipes-in-blueprints.md",156,"validate","function validateLayerOrdering(recipe: LayerRecipe): string[] {"
LOW,"docs\adr\ADR-044-validate-behavior-recipes-in-blueprints.md",170,"validate","function validateBlendMode(layer: LayerRecipe['layers'][0]; assetDef: OMEGA_Asset): string[] {"
LOW,"docs\adr\ADR-044-validate-behavior-recipes-in-blueprints.md",194,"validate","- **Catalog Dependency**: Must have asset definitions to validate behavior compatibility"
LOW,"docs\adr\ADR-044-validate-behavior-recipes-in-blueprints.md",215,"validate","- Standalone `CompositeCell` instances (validated at composition time in CellStudio)"
LOW,"docs\adr\ADR-044-validate-behavior-recipes-in-blueprints.md",225,"validate","// Default: validate behavior"
LOW,"docs\adr\ADR-044-validate-behavior-recipes-in-blueprints.md",226,"validate","const result = BlueprintValidator.validateQuietly(nodes; manifest);"
LOW,"docs\adr\ADR-044-validate-behavior-recipes-in-blueprints.md",229,"validate","const result = BlueprintValidator.validateQuietly(nodes; manifest; {"
LOW,"docs\adr\ADR-044-validate-behavior-recipes-in-blueprints.md",230,"validate","validateBehavior: false;"
LOW,"docs\adr\ADR-044-validate-behavior-recipes-in-blueprints.md",231,"validate","validateRecipes: false"
LOW,"docs\adr\ADR-044-validate-behavior-recipes-in-blueprints.md",235,"validate","### Phase 3 Integration with validateQuietly"
LOW,"docs\adr\ADR-044-validate-behavior-recipes-in-blueprints.md",238,"validate","// In validateQuietly; after semantic validation:"
LOW,"docs\adr\ADR-044-validate-behavior-recipes-in-blueprints.md",239,"validate","if (options?.validateBehavior !== false) {"
LOW,"docs\adr\ADR-044-validate-behavior-recipes-in-blueprints.md",240,"validate","const behaviorResult = validateBehavior(nodes; manifest);"
LOW,"docs\adr\ADR-045-cell-studio-architecture-refactor.md",61,"validate","│   └── Step 4: REVIEW (preview + validate)"
LOW,"docs\adr\ADR-045-cell-studio-architecture-refactor.md",96,"validate","BlueprintValidator.validateQuietly(entityToNode(cellData); { resources: manifest?.resources });"
LOW,"docs\adr\ADR-045-cell-studio-architecture-refactor.md",124,"validate","validateStyle: (style: Partial<OmegaStyleNode>) => ValidationResult;"
LOW,"docs\adr\ADR-046-cell-philosophy-redesign.md",171,"validate","- Internal routing is explicit and validated"
LOW,"docs\adr\ADR-047-BlueprintValidator-Catalog-Integration.md",12,"ElementCatalog","Phase 20.4 introduced the BlueprintValidator class for OMEGA UCA structural integrity and invariant compliance. As OMEGA evolved through ADR-043 (ElementCatalog Enrichment) and ADR-046 (Cell Types); the need arose to validate node styles against the catalog's `validationRules` before instantiation."
LOW,"docs\adr\ADR-047-BlueprintValidator-Catalog-Integration.md",30,"ElementCatalog","Integrate BlueprintValidator with ElementCatalog to perform runtime validation of node styles; variants; behaviors; and slot mappings against the enriched catalog definitions."
LOW,"docs\adr\ADR-047-BlueprintValidator-Catalog-Integration.md",66,"ElementCatalog","| `src/omega-ui-core/governance/ElementCatalog.ts` | Enhanced with validation helpers |"
LOW,"docs\adr\ADR-047-BlueprintValidator-Catalog-Integration.md",68,"ElementCatalog","### Imports from ElementCatalog"
LOW,"docs\adr\ADR-047-BlueprintValidator-Catalog-Integration.md",80,"ElementCatalog","} from '../governance/ElementCatalog';"
LOW,"docs\adr\ADR-047-BlueprintValidator-Catalog-Integration.md",87,"ElementCatalog","Validates a node's style against the ElementCatalog:"
LOW,"docs\adr\ADR-047-BlueprintValidator-Catalog-Integration.md",308,"ElementCatalog","2. **Centralized validation logic**: `validateValueAgainstRule()` is defined once and used by both ElementCatalog (for standalone style validation) and BlueprintValidator (for node validation)."
LOW,"docs\adr\ADR-047-BlueprintValidator-Catalog-Integration.md",322,"ElementCatalog","3. **Tight coupling**: BlueprintValidator now depends on ElementCatalog's internal structure."
LOW,"docs\adr\ADR-047-BlueprintValidator-Catalog-Integration.md",332,"ElementCatalog","- [ADR-043: ElementCatalog Enrichment](./ADR-043-Catalog-Enrichment.md)"
LOW,"docs\adr\ADR-047-BlueprintValidator-Catalog-Integration.md",336,"ElementCatalog","- `src/omega-ui-core/governance/ElementCatalog.ts`"
LOW,"docs\adr\ADR-047-BlueprintValidator-Catalog-Integration.md",12,"validate","Phase 20.4 introduced the BlueprintValidator class for OMEGA UCA structural integrity and invariant compliance. As OMEGA evolved through ADR-043 (ElementCatalog Enrichment) and ADR-046 (Cell Types); the need arose to validate node styles against the catalog's `validationRules` before instantiation."
LOW,"docs\adr\ADR-047-BlueprintValidator-Catalog-Integration.md",14,"validate","The BlueprintValidator previously validated:"
LOW,"docs\adr\ADR-047-BlueprintValidator-Catalog-Integration.md",20,"validate","But it did **not** validate:"
LOW,"docs\adr\ADR-047-BlueprintValidator-Catalog-Integration.md",35,"validate","BlueprintValidator.validateQuietly()"
LOW,"docs\adr\ADR-047-BlueprintValidator-Catalog-Integration.md",37,"validate","└── validateStyleAgainstCatalog()  ← NEW"
LOW,"docs\adr\ADR-047-BlueprintValidator-Catalog-Integration.md",39,"validate","├── validateValueAgainstRule() for each rule"
LOW,"docs\adr\ADR-047-BlueprintValidator-Catalog-Integration.md",40,"validate","├── getElementVariants() → validate variant"
LOW,"docs\adr\ADR-047-BlueprintValidator-Catalog-Integration.md",41,"validate","├── getAllowedBehaviors() → validate behavior"
LOW,"docs\adr\ADR-047-BlueprintValidator-Catalog-Integration.md",42,"validate","└── getElementSlots() → validate slot mappings"
LOW,"docs\adr\ADR-047-BlueprintValidator-Catalog-Integration.md",47,"validate","1. **Schema-based validation (no functions in catalog)**: The catalog stores `ValidationRule` objects with serializable configs. The `validateValueAgainstRule()` function is implemented in code; not stored in the catalog."
LOW,"docs\adr\ADR-047-BlueprintValidator-Catalog-Integration.md",76,"validate","validateValueAgainstRule;"
LOW,"docs\adr\ADR-047-BlueprintValidator-Catalog-Integration.md",85,"validate","#### `validateStyleAgainstCatalog(node; errors; warnings)`"
LOW,"docs\adr\ADR-047-BlueprintValidator-Catalog-Integration.md",91,"validate","- Call `validateValueAgainstRule(value; rule)`"
LOW,"docs\adr\ADR-047-BlueprintValidator-Catalog-Integration.md",251,"validate","const result = BlueprintValidator.validateQuietly(node; manifest);"
LOW,"docs\adr\ADR-047-BlueprintValidator-Catalog-Integration.md",267,"validate","const result = BlueprintValidator.validateQuietly(node; manifest);"
LOW,"docs\adr\ADR-047-BlueprintValidator-Catalog-Integration.md",282,"validate","const result = BlueprintValidator.validateQuietly(node; manifest);"
LOW,"docs\adr\ADR-047-BlueprintValidator-Catalog-Integration.md",306,"validate","1. **Runtime validation before instantiation**: Blueprints are validated against the catalog before materialization; catching configuration errors early."
LOW,"docs\adr\ADR-047-BlueprintValidator-Catalog-Integration.md",308,"validate","2. **Centralized validation logic**: `validateValueAgainstRule()` is defined once and used by both ElementCatalog (for standalone style validation) and BlueprintValidator (for node validation)."
LOW,"docs\adr\ADR-047-BlueprintValidator-Catalog-Integration.md",342,"validate","- The `validateValueAgainstRule()` function uses a switch on `rule.type` with schema-based validation; avoiding function storage in the catalog."
LOW,"docs\ADR-009.md",33,"validate","3. **Phase 9.3 — Advanced Templating (Blueprint Injection):** Formalize blueprint/template injection with validated schemas; collision-safe ID regeneration; and a reusable library UI for rapid composition of common synth structures.[cite:333][cite:335]"
LOW,"docs\ADR-011.md",92,"validate","- **Phase 9.4A** — system templates only; curated and validated by the product."
LOW,"docs\ADR-011.md",54,"reject","- **Drag and drop insertion** into compatible containers; with visible acceptance or rejection states according to compatibility metadata and structural rules."
LOW,"docs\ADR-013-asset-behavior-lab.md",31,"validate","- **Visual Scrubbing**: Real-time simulation of input values in the preview pane to validate behavior before save."
LOW,"docs\ADR-018-canonical-contract-transition.md",23,"validate","- **Validation**: Each organic migration is validated by the real-time auditor and the user; reducing the blast radius of potential conversion errors."
LOW,"docs\ADR-024_Blueprint_Runtime_Instantiation.md",52,"validate","- The runtime only receives validated structures."
LOW,"docs\ADR-024_Blueprint_Runtime_Instantiation.md",56,"validate","> A Blueprint does not exist in runtime until it has been validated; canonicalized; and materialized as a complete instance."
LOW,"docs\ADR-025-runtime-observability-metrics.md",7,"validate","After Phase 20.4; the runtime pipeline is deterministic; atomic; and blocked by validated Blueprints before materialization. The next operational risk is not correctness of instantiation; but lack of visibility when latency; buffering; heartbeat drift; or instantiation failures occur in production."
LOW,"docs\ADR-026-persistence-recovery.md",13,"validate","1. **Canonical State Snapshots**: Only the normalized; validated output from the `BlueprintResolver` (the ""Canonical Graph"") is persisted. Editable/intermediate states are excluded to prevent drift."
LOW,"docs\ADR-026-persistence-recovery.md",45,"validate","- This phase does not persist unvalidated user edits."
LOW,"docs\ADR-027-transactional-editing.md",15,"validate","3. **Atomic Validation & Sync**: Upon `commitTransaction()`; the final resulting state is validated via `BlueprintValidator`. If valid; the entire block is synchronized to the bridge in a single `syncSnapshot` operation."
LOW,"docs\ADR-027-transactional-editing.md",16,"reject","4. **Automatic Rollback**: If validation fails or the bridge rejects the committed state; the transaction is discarded; and the system reverts to the state prior to `startTransaction()`."
LOW,"docs\ADR-032-history-capture.md",13,"validate","1. **Capture on Significant Events**: Record history entries on transaction commit; validated structural snapshot; and recovery point creation."
LOW,"docs\ADR-034-time-travel-restore.md",11,"validate","The system will implement a Time-Travel Restore layer that restores a selected historical revision through validated orchestration."
LOW,"docs\ADR-034-time-travel-restore.md",17,"validate","4. **Read-Then-Activate Flow**: The system will load the historical revision; validate it; and only then promote it into active editor state."
LOW,"docs\ADR-036-phase-21-closure.md",7,"validate","After Phase 21 introduced History Capture; Semantic Diff; Time-Travel Restore; and Historical Observability; the system has a complete historical subsystem that can record evolution; explain change; restore revisions; and audit its own behavior. At this point the remaining task is not new capability; but closure: define how the history stack is finalized; validated; documented; and handed off as a stable product boundary."
LOW,"docs\ADR-037-history-vs-undo-redo.md",46,"validate","4. **Validation Gate**: Restoring a historical revision MUST always pass through `historyRestore.ts` validation; whereas an `undo` operation may be optimized for speed if the state was recently validated."
LOW,"docs\archive\implemented-adrs\ADR-009.md",33,"validate","3. **Phase 9.3 — Advanced Templating (Blueprint Injection):** Formalize blueprint/template injection with validated schemas; collision-safe ID regeneration; and a reusable library UI for rapid composition of common synth structures.[cite:333][cite:335]"
LOW,"docs\archive\implemented-adrs\ADR-011.md",92,"validate","- **Phase 9.4A** — system templates only; curated and validated by the product."
LOW,"docs\archive\implemented-adrs\ADR-011.md",54,"reject","- **Drag and drop insertion** into compatible containers; with visible acceptance or rejection states according to compatibility metadata and structural rules."
LOW,"docs\archive\implemented-adrs\ADR-013-asset-behavior-lab.md",31,"validate","- **Visual Scrubbing**: Real-time simulation of input values in the preview pane to validate behavior before save."
LOW,"docs\archive\implemented-adrs\ADR-018-canonical-contract-transition.md",23,"validate","- **Validation**: Each organic migration is validated by the real-time auditor and the user; reducing the blast radius of potential conversion errors."
LOW,"docs\archive\implemented-adrs\ADR-024_Blueprint_Runtime_Instantiation.md",52,"validate","- The runtime only receives validated structures."
LOW,"docs\archive\implemented-adrs\ADR-024_Blueprint_Runtime_Instantiation.md",56,"validate","> A Blueprint does not exist in runtime until it has been validated; canonicalized; and materialized as a complete instance."
LOW,"docs\archive\implemented-adrs\ADR-025-runtime-observability-metrics.md",7,"validate","After Phase 20.4; the runtime pipeline is deterministic; atomic; and blocked by validated Blueprints before materialization. The next operational risk is not correctness of instantiation; but lack of visibility when latency; buffering; heartbeat drift; or instantiation failures occur in production."
LOW,"docs\archive\implemented-adrs\ADR-026-persistence-recovery.md",13,"validate","1. **Canonical State Snapshots**: Only the normalized; validated output from the `BlueprintResolver` (the ""Canonical Graph"") is persisted. Editable/intermediate states are excluded to prevent drift."
LOW,"docs\archive\implemented-adrs\ADR-026-persistence-recovery.md",45,"validate","- This phase does not persist unvalidated user edits."
LOW,"docs\archive\implemented-adrs\ADR-027-transactional-editing.md",15,"validate","3. **Atomic Validation & Sync**: Upon `commitTransaction()`; the final resulting state is validated via `BlueprintValidator`. If valid; the entire block is synchronized to the bridge in a single `syncSnapshot` operation."
LOW,"docs\archive\implemented-adrs\ADR-027-transactional-editing.md",16,"reject","4. **Automatic Rollback**: If validation fails or the bridge rejects the committed state; the transaction is discarded; and the system reverts to the state prior to `startTransaction()`."
LOW,"docs\archive\implemented-adrs\ADR-032-history-capture.md",13,"validate","1. **Capture on Significant Events**: Record history entries on transaction commit; validated structural snapshot; and recovery point creation."
LOW,"docs\archive\implemented-adrs\ADR-034-time-travel-restore.md",11,"validate","The system will implement a Time-Travel Restore layer that restores a selected historical revision through validated orchestration."
LOW,"docs\archive\implemented-adrs\ADR-034-time-travel-restore.md",17,"validate","4. **Read-Then-Activate Flow**: The system will load the historical revision; validate it; and only then promote it into active editor state."
LOW,"docs\archive\implemented-adrs\ADR-036-phase-21-closure.md",7,"validate","After Phase 21 introduced History Capture; Semantic Diff; Time-Travel Restore; and Historical Observability; the system has a complete historical subsystem that can record evolution; explain change; restore revisions; and audit its own behavior. At this point the remaining task is not new capability; but closure: define how the history stack is finalized; validated; documented; and handed off as a stable product boundary."
LOW,"docs\archive\implemented-adrs\ADR-037-history-vs-undo-redo.md",46,"validate","4. **Validation Gate**: Restoring a historical revision MUST always pass through `historyRestore.ts` validation; whereas an `undo` operation may be optimized for speed if the state was recently validated."
LOW,"docs\archive\implemented-adrs\ADR-041-dual-mode-validation.md",154,"throw new Error","throw new Error(result.errors.join('\n')); // Just use validate()!"
LOW,"docs\archive\implemented-adrs\ADR-041-dual-mode-validation.md",10,"validate","During Phase 20.4 (Blueprint Runtime Instantiation); the `BlueprintValidator` class was refactored to support two distinct validation modes. Previously; the validator only offered a `validate()` method that throws on any validation error. This was appropriate for blocking/gatekeeper scenarios; but inadequate for use cases where the user needs to see all validation issues at once (e.g.; import wizards; pre-flight checks; auditing)."
LOW,"docs\archive\implemented-adrs\ADR-041-dual-mode-validation.md",18,"validate","### 1. `validate()` — Blocking/Gatekeeper Mode"
LOW,"docs\archive\implemented-adrs\ADR-041-dual-mode-validation.md",21,"validate","public static validate(nodes: OmegaNode | OmegaNode[]; manifest: Partial<OMEGA_Manifest>): void"
LOW,"docs\archive\implemented-adrs\ADR-041-dual-mode-validation.md",37,"validate","BlueprintValidator.validate(canonicalGraph; manifest);"
LOW,"docs\archive\implemented-adrs\ADR-041-dual-mode-validation.md",42,"validate","### 2. `validateQuietly()` — Non-Fatal/Informational Mode"
LOW,"docs\archive\implemented-adrs\ADR-041-dual-mode-validation.md",45,"validate","public static validateQuietly(nodes: OmegaNode | OmegaNode[]; manifest: Partial<OMEGA_Manifest>): {"
LOW,"docs\archive\implemented-adrs\ADR-041-dual-mode-validation.md",75,"validate","const result = BlueprintValidator.validateQuietly(userBlueprint; manifest);"
LOW,"docs\archive\implemented-adrs\ADR-041-dual-mode-validation.md",113,"validate","- **Backward Compatibility**: Existing `validate()` callers continue to work unchanged"
LOW,"docs\archive\implemented-adrs\ADR-041-dual-mode-validation.md",114,"validate","- **Testability**: `validateQuietly()` returns structured data easily assertable in unit tests"
LOW,"docs\archive\implemented-adrs\ADR-041-dual-mode-validation.md",121,"validate","- **Warnings May Be Ignored**: Callers using `validateQuietly()` might not handle warnings — consider logging warnings even when `valid=true` to ensure they're captured"
LOW,"docs\archive\implemented-adrs\ADR-041-dual-mode-validation.md",129,"validate","1. **Backward Compatibility**: All existing `validate()` callers work unchanged (omegaRPCBridge; historyRestore; useDocumentOrchestrator)"
LOW,"docs\archive\implemented-adrs\ADR-041-dual-mode-validation.md",136,"validate","### When to Use `validate()` (Blocking)"
LOW,"docs\archive\implemented-adrs\ADR-041-dual-mode-validation.md",141,"validate","### When to Use `validateQuietly()` (Non-Fatal)"
LOW,"docs\archive\implemented-adrs\ADR-041-dual-mode-validation.md",148,"validate","Do NOT use `validateQuietly()` then manually throw based on `result.valid` — this adds complexity without benefit:"
LOW,"docs\archive\implemented-adrs\ADR-041-dual-mode-validation.md",152,"validate","const result = BlueprintValidator.validateQuietly(nodes; manifest);"
LOW,"docs\archive\implemented-adrs\ADR-041-dual-mode-validation.md",154,"validate","throw new Error(result.errors.join('\n')); // Just use validate()!"
LOW,"docs\archive\implemented-adrs\ADR-041-dual-mode-validation.md",157,"validate","// CORRECT: Use validate() directly for gatekeeper scenarios"
LOW,"docs\archive\implemented-adrs\ADR-041-dual-mode-validation.md",158,"validate","BlueprintValidator.validate(nodes; manifest); // Simpler; same effect"
LOW,"docs\archive\implemented-adrs\ADR-042-two-phase-validation.md",10,"validate","When users import custom JSON blueprints in the BlueprintLibraryPanel; we need to validate them thoroughly before accepting them into the system. A single validation pass is insufficient because different validation concerns operate at different levels:"
LOW,"docs\archive\implemented-adrs\ADR-042-two-phase-validation.md",24,"validate","import { validateBlueprint } from '../../utils/blueprintUtils';"
LOW,"docs\archive\implemented-adrs\ADR-042-two-phase-validation.md",26,"validate","const { valid; errors } = validateBlueprint(blueprint);"
LOW,"docs\archive\implemented-adrs\ADR-042-two-phase-validation.md",34,"validate","**Validator:** `validateBlueprint()` from blueprintUtils.ts"
LOW,"docs\archive\implemented-adrs\ADR-042-two-phase-validation.md",49,"validate","const validationResult = BlueprintValidator.validateQuietly(blueprint.rootNode; manifestWithResources);"
LOW,"docs\archive\implemented-adrs\ADR-042-two-phase-validation.md",53,"validate","**Validator:** `BlueprintValidator.validateQuietly()` with manifest resources"
LOW,"docs\archive\implemented-adrs\ADR-042-two-phase-validation.md",70,"validate","Phase 1: validateBlueprint() (structural)"
LOW,"docs\archive\implemented-adrs\ADR-042-two-phase-validation.md",79,"validate","Phase 2: BlueprintValidator.validateQuietly() (deep)"
LOW,"docs\archive\implemented-adrs\ADR-042-two-phase-validation.md",112,"validate","const { valid; errors } = validateBlueprint(blueprint);"
LOW,"docs\archive\implemented-adrs\ADR-042-two-phase-validation.md",120,"validate","const validationResult = BlueprintValidator.validateQuietly("
LOW,"docs\archive\implemented-adrs\ADR-042-two-phase-validation.md",197,"validate","- **ADR-041 (Dual-Mode Validation)**: Phase 2 uses `validateQuietly()` instead of `validate()` to enable warning handling"
LOW,"docs\archive\implemented-adrs\ADR-042-two-phase-validation.md",198,"validate","- **ADR-024 (Blueprint Runtime Instantiation)**: Runtime validation uses `validate()` (blocking) instead; appropriate for gatekeeper scenarios"
LOW,"docs\archive\implemented-adrs\ADR-042-two-phase-validation.md",207,"validate","BlueprintValidator.validateQuietly(blueprint.rootNode; manifest);"
LOW,"docs\archive\implemented-adrs\ADR-042-two-phase-validation.md",213,"validate","// CORRECT: Always validate structure first"
LOW,"docs\archive\implemented-adrs\ADR-042-two-phase-validation.md",214,"validate","const { valid; errors } = validateBlueprint(blueprint);"
LOW,"docs\archive\implemented-plans\ANALYSIS-element-catalog-enrichment.md",22,"allowedFragments","allowedFragments?: string[];   // Advisory only - not enforced"
LOW,"docs\archive\implemented-plans\ANALYSIS-element-catalog-enrichment.md",68,"allowedFragments","- Current: `allowedFragments` is advisory string array only"
LOW,"docs\archive\implemented-plans\ANALYSIS-element-catalog-enrichment.md",122,"allowedFragments","// Slot definitions (replaces allowedFragments advisory)"
LOW,"docs\archive\implemented-plans\ANALYSIS-element-catalog-enrichment.md",220,"allowedFragments","// Replace allowedFragments with proper slot definitions"
LOW,"docs\archive\implemented-plans\ANALYSIS-element-catalog-enrichment.md",227,"allowedFragments","// Remove allowedFragments (or deprecate it)"
LOW,"docs\archive\implemented-plans\ANALYSIS-element-catalog-enrichment.md",271,"allowedFragments","1. **Backward Compatibility**: `allowedFragments` kept as deprecated; `slots` takes precedence"
LOW,"docs\archive\implemented-plans\ANALYSIS-element-catalog-enrichment.md",292,"allowedFragments","1. Should `allowedFragments` be deprecated or kept for backward compatibility?"
LOW,"docs\archive\implemented-plans\ANALYSIS-element-catalog-enrichment.md",210,"ElementCatalog","// In ElementCatalog.ts - add primitiveType field to each element"
LOW,"docs\archive\implemented-plans\ANALYSIS-element-catalog-enrichment.md",279,"ElementCatalog","1. `src/omega-ui-core/governance/ElementCatalog.ts`"
LOW,"docs\archive\implemented-plans\ANALYSIS-element-catalog-enrichment.md",253,"throw new Error","if (!def) throw new Error(`Unknown cell type: ${node.cellRef}`);"
LOW,"docs\archive\implemented-plans\ANALYSIS-element-catalog-enrichment.md",258,"throw new Error","if (error) throw new Error(error);"
LOW,"docs\archive\implemented-plans\ANALYSIS-element-catalog-enrichment.md",187,"validate","function validateAgainstRule(node: OmegaNode; rule: ValidationRule): string | null {"
LOW,"docs\archive\implemented-plans\ANALYSIS-element-catalog-enrichment.md",247,"validate","import { validateAgainstRule } from './validationFunctions';"
LOW,"docs\archive\implemented-plans\ANALYSIS-element-catalog-enrichment.md",250,"validate","static validate(nodes: OmegaNode[]; manifest: OMEGA_Manifest) {"
LOW,"docs\archive\implemented-plans\ANALYSIS-element-catalog-enrichment.md",257,"validate","const error = validateAgainstRule(node; rule);"
LOW,"docs\archive\implemented-plans\cell_analisis.md",59,"ElementCatalog","- ✅ **ElementCatalog**: Governance unificado ADR-043/046 (1100 líneas)."
LOW,"docs\archive\implemented-plans\MIGRATION_PLAN_CELLSTUDIO_STEPPER.md",56,"validate","BlueprintValidator.validateQuietly(entityToNode(cellData); manifest);"
LOW,"docs\archive\implemented-plans\MIGRATION_PLAN_CELLSTUDIO_STEPPER.md",113,"validate","validateStyle: (style: Partial<OmegaStyleNode>) => ValidationResult;"
LOW,"docs\archive\implemented-plans\MIGRATION_PLAN_CELLSTUDIO_STEPPER.md",148,"validate","BlueprintValidator.validateQuietly(entityToNode(cellData); { resources: manifest?.resources });"
LOW,"docs\archive\implemented-plans\MIGRATION_PLAN_CELLSTUDIO_STEPPER.md",311,"validate","validateStyle: (style: Partial<OmegaStyleNode>) => ValidationResult;"
LOW,"docs\archive\implemented-plans\OMEGA_Remediation_Map.md",24,"allowedFragments","*   **Decoupled UX**: `allowedFragments` and `capabilities` are UI hints. If a node in the UCA tree contains non-standard data; it must be rendered and persisted regardless of catalog state."
LOW,"docs\archive\implemented-plans\OMEGA_Remediation_Map.md",17,"ElementCatalog","| `src/omega-ui-core/governance/ElementCatalog.ts` | Low | Keep explicit warnings and maintain it as a consultative inventory. | **Low** | ✅ Documented |"
LOW,"docs\archive\implemented-plans\OMEGA_Remediation_Map.md",10,"validate","| `src/features/manifest-editor/components/inspector/attachments/AttachmentTypeAnchor.tsx` | Medium | Maintain as a UX filter; document that it does not validate structure. | **High** | 🔍 Monitoring |"
LOW,"docs\archive\old-reports-and-audits\performance-report.md",4,"validate","This report documents the performance profile of the OMEGA Manifest Editor as of May 11; 2026. The goal was to validate that the industrialization of the state management and diagnostic pipeline did not introduce overhead that would hinder the user experience."
LOW,"docs\grafos\GRAPH.md",154,"ElementCatalog","- [`src/omega-ui-core/governance/ElementCatalog.ts`](file:///D:/desarrollos/ABDSynths/ABDOmegaEditor/src/omega-ui-core/governance/ElementCatalog.ts)"
LOW,"docs\grafos\src\omega-ui-core\governance\ElementCatalog.ts.md",1,"ElementCatalog","# src/omega-ui-core/governance/ElementCatalog.ts"
LOW,"docs\grafos\src\omega-ui-core\governance\ElementCatalog.ts.md",4,"ElementCatalog","> Ruta del archivo: `src/omega-ui-core/governance/ElementCatalog.ts`"
LOW,"docs\INDEX.md",14,"validate","- [ADR-044-validate-behavior-recipes-in-blueprints.md](file:///d:/desarrollos/ABDSynths/ABDOmegaEditor/docs/adr/ADR-044-validate-behavior-recipes-in-blueprints.md) - Validación estricta de recetas de comportamiento asociadas a plantillas de blueprints."
LOW,"docs\OMEGA_History_Architecture.md",31,"validate","| **Time Travel** | History Engine | Navigating by version/ID rather than steps. Requires validated restoration. |"
LOW,"docs\OMEGA_History_Architecture.md",32,"validate","| **Recovery** | History Engine | Session recovery points must be durable and validated. |"
LOW,"docs\OMEGA_Remediation_Map.md",24,"allowedFragments","*   **Decoupled UX**: `allowedFragments` and `capabilities` are UI hints. If a node in the UCA tree contains non-standard data; it must be rendered and persisted regardless of catalog state."
LOW,"docs\OMEGA_Remediation_Map.md",17,"ElementCatalog","| `src/omega-ui-core/governance/ElementCatalog.ts` | Low | Keep explicit warnings and maintain it as a consultative inventory. | **Low** | ✅ Documented |"
LOW,"docs\OMEGA_Remediation_Map.md",10,"validate","| `src/features/manifest-editor/components/inspector/attachments/AttachmentTypeAnchor.tsx` | Medium | Maintain as a UX filter; document that it does not validate structure. | **High** | 🔍 Monitoring |"
LOW,"docs\performance-report.md",4,"validate","This report documents the performance profile of the OMEGA Manifest Editor as of May 11; 2026. The goal was to validate that the industrialization of the state management and diagnostic pipeline did not introduce overhead that would hinder the user experience."
LOW,"docs\seguimiento\CHANGELOG.md",487,"validate","- **Enriched Behavioral Validation**: Extended `BlueprintValidator` to validate asset behavior configurations; preset bounds; slot constraint limits; and LayerRecipe blend mode integrity."
LOW,"docs\seguimiento\CHANGELOG.md",259,"reject","- **`View > Toggle Logs` Duplicate**: Was 100% redundant with `Window > Console` (both called `onToggleWindow('window_logs')`). The Window entry has a `checked` indicator and is the canonical toggle; View was removed. Dev server on port 3035 stayed running through the edit (verified by attempted second-instance start that was rejected with ""Another next dev server is already running"")."
LOW,"docs\specs-and-architecture\OMEGA_History_Architecture.md",31,"validate","| **Time Travel** | History Engine | Navigating by version/ID rather than steps. Requires validated restoration. |"
LOW,"docs\specs-and-architecture\OMEGA_History_Architecture.md",32,"validate","| **Recovery** | History Engine | Session recovery points must be durable and validated. |"
LOW,"docs\specs-and-architecture\SIMPLIFIED_MODEL_PROPOSAL.md",165,"ElementCatalog","### ElementCatalog (se conserva)"
LOW,"docs\specs-and-architecture\SIMPLIFIED_MODEL_PROPOSAL.md",167,"ElementCatalog","El `ElementCatalog.ts` (1100 LOC) define para cada tipo de componente: variantes disponibles; slots de composición; reglas de validación; capacidades estéticas. Es dato valioso que se conserva y se usa para:"
LOW,"docs\specs-and-architecture\SIMPLIFIED_MODEL_PROPOSAL.md",282,"ElementCatalog","Los selects de variante se pueblan desde `ElementCatalog` (ej: para `knob`; busca las variants del elemento `knob` en el catálogo: `A_cyan`; `B_amber`; `C_ruby`; `D_jade`)."
LOW,"docs\specs-and-architecture\SIMPLIFIED_MODEL_PROPOSAL.md",502,"ElementCatalog","| **ElementCatalog** | `governance/ElementCatalog.ts` | 1;100 | Variantes; validaciones; slots; capacidades — fuente de datos para editores |"
LOW,"docs\specs-and-architecture\SIMPLIFIED_MODEL_PROPOSAL.md",603,"ElementCatalog","- **3.2–3.9**: Cada editor usa controles nativos (select para variante; color picker para color; input para bind; etc.). Los selects de variante se pueblan desde `ElementCatalog` (ej: para `knob`; busca las variants del elemento `knob` en el catálogo)."
LOW,"docs\specs-and-architecture\SIMPLIFIED_MODEL_PROPOSAL.md",639,"ElementCatalog","| 5.1 Eliminar UCA tree (excepto ElementCatalog) | `uca/` ~17 files | ~2;150 | 2.3; 3.12 |"